uid,sid,rating
75,0,3
75,1,1
75,2,1
75,3,1
75,4,1
75,5,1
75,6,1
75,7,1
75,8,1
75,9,3
75,10,1
75,11,4
75,12,5
75,13,2
75,14,3
75,15,3
75,16,2
75,17,4
75,18,1
75,19,2
75,20,2
75,21,1
75,22,1
75,23,1
56,24,1
56,25,3
56,26,2
56,27,1
56,28,3
56,29,5
56,30,2
56,31,2
56,32,1
56,33,1
56,34,1
56,13,5
56,35,5
56,36,3
56,37,2
56,16,1
56,17,3
56,38,1
56,39,2
56,40,3
56,41,1
56,42,2
56,43,3
56,44,2
171,45,2
171,46,3
171,47,2
171,48,4
171,29,5
171,49,4
171,31,5
171,33,4
171,50,2
171,51,3
171,52,3
171,35,3
171,53,4
171,54,5
171,14,3
171,15,4
171,55,2
171,16,2
171,17,5
171,38,1
171,56,4
171,57,4
171,58,1
171,59,3
116,60,1
116,61,2
116,62,3
116,63,2
116,64,1
116,65,2
116,66,3
116,33,1
116,10,2
116,13,4
116,52,1
116,14,3
116,37,3
116,55,2
116,16,2
116,18,2
116,39,1
116,19,3
116,40,3
116,67,1
116,59,1
116,68,3
116,69,4
116,70,3
68,71,1
68,4,3
68,72,1
68,73,2
68,74,2
68,75,3
68,33,1
68,11,1
68,35,1
68,53,1
68,17,2
68,18,1
68,76,1
68,77,3
68,19,1
68,78,4
68,42,1
68,57,1
68,44,2
68,79,4
68,59,2
68,80,1
68,81,3
68,70,1
52,82,1
52,83,1
52,4,2
52,72,1
52,84,1
52,85,2
52,5,1
52,30,1
52,6,1
52,86,2
52,87,3
52,65,4
52,7,1
52,34,4
52,88,3
52,53,3
52,89,4
52,14,1
52,55,1
52,18,4
52,39,2
52,90,5
52,20,1
52,70,1
112,91,1
112,92,1
112,93,1
112,94,1
112,72,5
112,73,1
112,84,3
112,95,3
112,96,1
112,53,3
112,89,3
112,54,2
112,14,4
112,37,1
112,15,5
112,55,1
112,18,1
112,97,1
112,19,3
112,98,2
112,99,1
112,57,2
112,100,4
112,101,5
159,102,3
159,103,3
159,104,3
159,83,2
159,4,2
159,105,3
159,106,1
159,107,1
159,74,4
159,86,3
159,108,3
159,109,3
159,50,1
159,110,3
159,111,3
159,37,4
159,17,4
159,76,2
159,56,2
159,112,4
159,101,2
159,113,2
159,81,1
159,70,2
163,114,3
163,115,1
163,116,3
163,117,3
163,118,3
163,119,3
163,120,1
163,103,2
163,121,2
163,122,1
163,123,3
163,124,4
163,24,5
163,83,1
163,48,1
163,4,3
163,72,5
163,29,2
163,85,4
163,30,5
163,125,3
163,126,3
163,127,4
163,128,3
169,129,2
169,61,1
169,130,1
169,131,2
169,4,1
169,84,3
169,63,4
169,125,3
169,126,2
169,132,2
169,133,3
169,11,4
169,52,3
169,16,2
169,18,1
169,38,3
169,39,2
169,134,2
169,98,2
169,40,2
169,135,3
169,68,2
169,80,3
169,23,5
153,71,3
153,4,1
153,26,1
153,62,1
153,31,1
153,136,4
153,7,1
153,9,1
153,66,5
153,50,1
153,110,2
153,34,1
153,88,3
153,12,4
153,55,1
153,17,5
153,18,1
153,97,1
153,76,1
153,137,3
153,20,3
153,138,3
153,67,1
153,21,1
170,139,1
170,83,1
170,4,1
170,105,3
170,140,1
170,106,2
170,73,1
170,85,5
170,74,5
170,141,1
170,142,4
170,110,2
170,54,4
170,37,3
170,15,4
170,18,4
170,97,1
170,137,2
170,98,2
170,56,2
170,112,3
170,113,1
170,81,4
170,70,2
106,143,2
106,144,1
106,145,1
106,146,2
106,147,2
106,148,4
106,123,1
106,46,4
106,60,1
106,149,1
106,150,1
106,4,1
106,151,1
106,105,4
106,73,4
106,30,2
106,152,5
106,107,1
106,32,1
106,153,1
106,142,1
106,154,4
106,155,2
106,138,3
16,146,4
16,156,3
16,157,3
16,158,4
16,83,2
16,159,2
16,62,1
16,136,2
16,160,3
16,125,2
16,9,4
16,51,4
16,88,5
16,12,5
16,111,1
16,14,5
16,37,1
16,15,4
16,55,1
16,17,5
16,18,3
16,19,4
16,101,5
16,70,4
7,2,1
7,83,1
7,131,1
7,4,1
7,140,1
7,5,5
7,161,4
7,160,1
7,64,1
7,86,1
7,87,2
7,126,1
7,7,1
7,162,2
7,34,2
7,12,4
7,127,1
7,54,1
7,15,3
7,55,1
7,17,1
7,128,5
7,69,2
7,23,1
108,148,5
108,158,2
108,50,4
108,110,4
108,95,5
108,51,4
108,96,2
108,13,4
108,52,4
108,127,4
108,111,1
108,154,3
108,53,4
108,37,4
108,18,4
108,38,2
108,163,4
108,19,3
108,137,3
108,164,4
108,58,2
108,128,4
108,59,2
108,113,4
30,165,1
30,166,1
30,167,1
30,131,2
30,151,1
30,28,3
30,168,2
30,31,1
30,161,3
30,169,5
30,170,3
30,10,1
30,52,5
30,111,1
30,35,2
30,154,3
30,53,3
30,16,3
30,76,1
30,134,4
30,98,1
30,99,3
30,79,1
30,100,3
23,171,3
23,172,1
23,173,3
23,83,3
23,25,3
23,48,1
23,174,2
23,175,2
23,176,1
23,63,4
23,169,5
23,8,2
23,162,4
23,50,1
23,53,3
23,37,3
23,16,3
23,17,3
23,76,1
23,56,5
23,135,2
23,58,1
23,177,1
23,178,1
47,150,1
47,159,3
47,71,3
47,151,3
47,179,3
47,62,2
47,6,1
47,170,2
47,153,1
47,142,2
47,66,3
47,50,1
47,12,5
47,52,1
47,127,2
47,35,4
47,14,1
47,78,4
47,56,4
47,57,2
47,20,4
47,180,1
47,135,2
47,177,2
57,181,2
57,83,4
57,130,2
57,182,4
57,71,5
57,161,4
57,142,2
57,183,3
57,8,4
57,133,3
57,109,4
57,14,4
57,15,5
57,55,3
57,17,5
57,18,5
57,39,3
57,90,5
57,137,3
57,99,1
57,112,5
57,21,3
57,101,3
57,69,5
17,184,2
17,106,3
17,185,3
17,186,4
17,65,5
17,133,4
17,33,3
17,10,4
17,95,2
17,187,1
17,52,1
17,37,3
17,15,3
17,55,1
17,97,3
17,98,4
17,40,4
17,155,1
17,57,1
17,135,4
17,44,1
17,59,1
17,113,3
17,68,5
115,188,1
115,189,1
115,190,1
115,191,1
115,48,4
115,105,1
115,106,3
115,73,1
115,169,3
115,64,1
115,86,1
115,50,1
115,95,5
115,111,1
115,54,5
115,14,1
115,37,4
115,15,3
115,17,4
115,18,3
115,97,1
115,98,1
115,58,1
115,101,1
18,192,2
18,84,2
18,50,2
18,88,5
18,193,1
18,13,2
18,52,1
18,127,2
18,89,4
18,36,1
18,54,2
18,37,4
18,16,1
18,17,2
18,39,4
18,134,2
18,77,1
18,78,3
18,194,1
18,180,2
18,59,1
18,68,3
18,177,3
18,70,1
70,120,1
70,172,1
70,175,2
70,6,3
70,95,4
70,187,5
70,13,2
70,127,3
70,154,3
70,53,3
70,37,2
70,15,3
70,17,5
70,18,2
70,97,2
70,90,4
70,19,4
70,137,3
70,41,3
70,43,2
70,194,2
70,138,2
70,128,2
70,100,4
72,195,1
72,196,4
72,61,4
72,197,3
72,174,3
72,50,1
72,110,5
72,95,2
72,96,1
72,12,2
72,187,4
72,13,5
72,52,4
72,127,3
72,154,3
72,36,2
72,14,4
72,37,2
72,55,1
72,17,5
72,18,4
72,163,2
72,76,1
72,134,5
148,45,2
148,198,1
148,83,1
148,159,1
148,48,1
148,73,1
148,62,5
148,199,1
148,169,3
148,9,1
148,34,2
148,88,3
148,187,1
148,52,3
148,127,1
148,53,1
148,54,2
148,16,3
148,57,1
148,58,1
148,21,3
148,22,2
148,69,2
148,70,1
134,48,1
134,72,5
134,10,1
134,88,5
134,187,4
134,52,1
134,127,2
134,36,5
134,38,1
134,90,3
134,98,2
134,40,2
134,41,5
134,155,5
134,99,1
134,43,5
134,194,3
134,135,5
134,112,5
134,138,5
134,44,1
134,100,5
134,68,4
134,22,4
101,0,4
101,25,4
101,4,3
101,106,1
101,179,3
101,30,3
101,175,3
101,200,3
101,169,3
101,65,2
101,34,5
101,187,4
101,89,3
101,201,3
101,37,2
101,15,4
101,55,4
101,97,1
101,76,2
101,98,2
101,99,4
101,135,2
101,128,4
101,100,4
105,202,1
105,71,1
105,105,3
105,27,3
105,73,4
105,152,4
105,107,3
105,142,4
105,66,4
105,109,5
105,96,3
105,89,1
105,54,3
105,15,1
105,55,1
105,97,4
105,90,2
105,19,1
105,99,2
105,194,3
105,138,4
105,44,1
105,100,3
105,178,3
51,203,1
51,106,3
51,168,3
51,85,4
51,5,4
51,152,1
51,204,1
51,205,1
51,206,3
51,207,3
51,50,2
51,35,5
51,36,4
51,55,1
51,39,1
51,77,1
51,19,4
51,78,4
51,43,1
51,56,2
51,101,5
51,59,1
51,113,1
51,81,5
79,182,2
79,10,1
79,50,2
79,193,3
79,187,3
79,13,4
79,52,5
79,53,3
79,15,2
79,55,4
79,90,2
79,77,1
79,137,1
79,155,3
79,164,2
79,99,1
79,43,3
79,56,4
79,112,3
79,21,3
79,100,3
79,101,3
79,68,1
79,177,4
9,208,3
9,209,1
9,210,1
9,211,1
9,5,5
9,62,1
9,136,4
9,176,5
9,160,2
9,63,5
9,50,1
9,12,2
9,111,1
9,54,2
9,14,2
9,37,1
9,15,3
9,16,1
9,17,4
9,18,2
9,42,3
9,101,4
9,177,1
9,69,5
63,212,3
63,213,4
63,214,3
63,147,4
63,130,4
63,131,3
63,84,2
63,168,3
63,6,1
63,10,4
63,52,1
63,36,3
63,55,2
63,38,1
63,134,3
63,40,3
63,78,2
63,155,3
63,135,4
63,112,2
63,44,3
63,79,3
63,58,1
63,113,4
135,115,1
135,215,1
135,216,1
135,217,1
135,218,1
135,219,1
135,190,1
135,92,1
135,3,1
135,93,1
135,220,1
135,83,2
135,130,2
135,152,2
135,87,2
135,32,2
135,141,3
135,66,2
135,33,1
135,51,1
135,78,4
135,67,3
135,177,1
135,23,3
29,118,1
29,217,3
29,221,5
29,222,5
29,182,3
29,25,5
29,105,3
29,106,2
29,152,2
29,136,1
29,161,3
29,74,5
29,206,5
29,109,3
29,50,1
29,95,5
29,14,5
29,37,1
29,15,3
29,18,2
29,97,2
29,163,5
29,56,4
29,70,2
119,159,1
119,25,4
119,4,4
119,105,4
119,84,3
119,160,4
119,75,3
119,63,4
119,86,4
119,207,3
119,65,3
119,8,4
119,10,3
119,110,4
119,95,4
119,51,2
119,39,2
119,164,2
119,43,3
119,56,5
119,21,2
119,113,4
119,80,5
119,70,4
114,223,1
114,202,5
114,159,1
114,5,2
114,174,5
114,224,2
114,6,1
114,170,3
114,141,2
114,10,1
114,34,4
114,154,5
114,36,2
114,54,5
114,55,2
114,17,4
114,97,1
114,38,1
114,134,4
114,77,1
114,155,3
114,180,5
114,112,3
114,67,4
149,225,1
149,151,2
149,106,4
149,85,5
149,204,4
149,176,2
149,74,5
149,125,4
149,126,2
149,207,3
149,162,2
149,50,2
149,110,2
149,127,3
149,111,1
149,89,2
149,36,5
149,201,3
149,55,3
149,78,5
149,135,5
149,58,3
149,100,2
149,68,2
102,226,2
102,227,1
102,167,3
102,228,3
102,222,3
102,229,2
102,230,3
102,160,1
102,65,2
102,10,1
102,34,4
102,95,4
102,12,1
102,14,3
102,55,1
102,17,5
102,18,2
102,19,4
102,57,1
102,21,5
102,101,5
102,59,2
102,113,3
102,68,3
78,129,2
78,91,1
78,231,4
78,196,4
78,147,1
78,232,2
78,3,1
78,233,1
78,191,1
78,220,2
78,5,4
78,186,3
78,161,3
78,133,4
78,95,3
78,39,4
78,98,4
78,43,3
78,58,1
78,128,3
78,113,2
78,22,2
78,70,2
78,178,1
94,124,1
94,62,5
94,186,1
94,6,1
94,141,4
94,96,1
94,12,5
94,193,1
94,37,1
94,15,3
94,16,1
94,97,1
94,77,1
94,98,1
94,40,2
94,41,1
94,42,1
94,164,1
94,135,4
94,138,1
94,113,2
94,68,3
94,22,2
94,23,5
158,202,1
158,105,3
158,73,5
158,62,1
158,197,1
158,107,1
158,176,3
158,87,3
158,8,3
158,109,1
158,95,3
158,12,3
158,52,2
158,111,1
158,54,5
158,15,3
158,55,1
158,17,5
158,97,1
158,90,4
158,98,5
158,56,2
158,128,1
158,68,4
20,83,1
20,182,3
20,25,4
20,4,1
20,85,4
20,186,1
20,152,1
20,206,4
20,141,1
20,11,1
20,34,4
20,95,3
20,187,4
20,52,3
20,154,3
20,97,1
20,19,3
20,137,3
20,42,1
20,79,1
20,58,1
20,21,1
20,59,1
20,81,5
61,145,1
61,234,1
61,25,2
61,4,2
61,105,2
61,73,2
61,136,1
61,160,1
61,206,3
61,170,2
61,141,1
61,50,2
61,95,2
61,54,3
61,14,2
61,15,3
61,55,3
61,16,1
61,17,5
61,18,2
61,98,2
61,112,4
61,113,1
61,178,1
45,235,2
45,147,3
45,221,4
45,236,2
45,61,3
45,159,2
45,62,4
45,199,3
45,125,4
45,36,5
45,54,4
45,14,3
45,37,3
45,15,4
45,55,4
45,16,2
45,17,4
45,18,4
45,97,1
45,39,1
45,163,2
45,76,3
45,134,3
45,78,5
111,237,3
111,82,1
111,238,2
111,131,3
111,50,4
111,34,2
111,95,2
111,51,1
111,88,5
111,154,4
111,89,2
111,14,2
111,15,4
111,55,5
111,16,3
111,17,5
111,18,1
111,38,1
111,39,4
111,163,2
111,76,1
111,134,4
111,164,4
111,178,5
139,239,2
139,240,4
139,166,1
139,146,1
139,241,1
139,236,1
139,242,1
139,46,1
139,243,3
139,244,1
139,245,2
139,246,5
139,150,1
139,4,5
139,28,5
139,63,1
139,169,5
139,108,4
139,183,5
139,162,5
139,14,5
139,17,5
139,97,1
139,69,5
0,217,1
0,173,1
0,93,1
0,26,3
0,62,2
0,186,1
0,205,1
0,32,1
0,8,1
0,9,4
0,50,1
0,88,1
0,12,3
0,193,1
0,13,4
0,111,1
0,54,5
0,37,2
0,90,1
0,67,4
0,21,1
0,80,1
0,177,1
0,69,3
107,213,2
107,247,4
107,83,2
107,72,2
107,73,2
107,136,4
107,6,4
107,64,2
107,10,2
107,11,1
107,52,5
107,36,3
107,54,3
107,14,3
107,16,1
107,17,4
107,18,1
107,97,1
107,38,2
107,39,2
107,77,2
107,59,2
107,69,2
107,23,4
27,119,1
27,83,3
27,182,2
27,106,1
27,49,1
27,199,4
27,74,3
27,109,2
27,50,1
27,95,2
27,13,3
27,111,1
27,54,2
27,14,4
27,15,4
27,16,1
27,17,4
27,18,1
27,38,4
27,163,1
27,137,1
27,42,2
27,112,5
27,70,3
14,248,1
14,249,1
14,48,1
14,106,5
14,73,2
14,175,4
14,136,3
14,162,1
14,109,1
14,96,2
14,193,1
14,13,4
14,111,2
14,154,1
14,54,2
14,14,1
14,15,1
14,97,1
14,90,1
14,163,1
14,99,1
14,138,1
14,58,1
14,80,1
11,239,5
11,166,3
11,241,5
11,202,3
11,5,5
11,174,4
11,107,5
11,8,5
11,109,4
11,95,5
11,96,4
11,89,4
11,54,3
11,15,4
11,55,2
11,17,5
11,18,4
11,97,4
11,76,4
11,98,5
11,194,3
11,100,5
11,101,4
11,178,4
140,250,2
140,251,1
140,83,4
140,48,3
140,106,1
140,175,2
140,63,2
140,169,2
140,109,1
140,50,2
140,110,1
140,95,3
140,53,2
140,36,3
140,14,2
140,37,1
140,55,5
140,17,3
140,18,1
140,97,1
140,137,1
140,57,2
140,58,3
140,70,2
44,252,2
44,119,1
44,158,1
44,253,1
44,27,4
44,28,2
44,72,3
44,179,4
44,49,4
44,200,5
44,32,3
44,142,3
44,66,4
44,12,3
44,193,3
44,54,4
44,37,3
44,38,1
44,39,2
44,90,4
44,42,4
44,57,1
44,69,4
44,70,3
164,254,1
164,255,1
164,149,1
164,136,3
164,200,4
164,109,3
164,110,5
164,34,5
164,95,1
164,88,5
164,52,4
164,53,2
164,89,3
164,36,4
164,54,2
164,37,3
164,55,4
164,17,4
164,38,1
164,163,1
164,76,1
164,19,5
164,58,1
164,21,3
117,71,4
117,29,4
117,186,3
117,49,3
117,174,3
117,107,1
117,224,1
117,160,1
117,169,3
117,133,2
117,154,3
117,14,2
117,15,3
117,163,1
117,137,3
117,41,3
117,78,3
117,135,2
117,112,5
117,58,4
117,21,1
117,59,2
117,23,3
117,81,4
35,129,1
35,217,1
35,237,1
35,123,1
35,60,1
35,94,1
35,130,4
35,71,2
35,106,1
35,174,5
35,207,1
35,65,5
35,108,4
35,141,2
35,8,5
35,10,3
35,50,1
35,88,2
35,37,2
35,90,4
35,77,3
35,20,1
35,128,4
35,81,5
133,256,1
133,173,1
133,83,2
133,182,3
133,4,3
133,106,1
133,186,3
133,74,3
133,206,2
133,86,2
133,108,3
133,141,2
133,109,4
133,50,2
133,95,2
133,51,1
133,111,2
133,15,5
133,16,1
133,18,1
133,42,1
133,43,2
133,112,4
133,101,5
104,227,3
104,228,2
104,45,4
104,47,1
104,104,3
104,257,1
104,258,1
104,26,4
104,27,3
104,106,1
104,186,5
104,152,1
104,63,1
104,32,2
104,108,5
104,133,5
104,110,4
104,34,3
104,95,3
104,14,3
104,76,2
104,56,1
104,67,1
104,81,3
128,239,1
128,231,1
128,255,1
128,62,1
128,109,1
128,110,3
128,34,4
128,51,1
128,96,1
128,193,1
128,187,3
128,52,1
128,127,1
128,35,1
128,14,2
128,90,1
128,134,5
128,19,2
128,41,3
128,79,1
128,113,3
128,22,4
128,177,1
128,23,5
91,259,1
91,252,1
91,123,1
91,4,1
91,84,4
91,85,5
91,186,1
91,6,3
91,87,1
91,207,1
91,153,2
91,141,1
91,7,1
91,133,1
91,88,2
91,13,3
91,14,1
91,15,3
91,21,1
91,113,1
91,22,3
91,80,2
91,69,2
91,23,3
3,259,1
3,213,1
3,119,1
3,260,1
3,171,1
3,261,1
3,262,1
3,263,1
3,139,1
3,160,1
3,109,3
3,110,2
3,95,2
3,51,3
3,88,1
3,12,5
3,52,4
3,154,3
3,14,1
3,16,2
3,17,4
3,97,2
3,90,3
3,134,1
93,104,3
93,131,3
93,26,3
93,140,3
93,27,4
93,85,4
93,199,3
93,6,3
93,86,4
93,132,3
93,153,2
93,141,5
93,142,4
93,133,3
93,9,3
93,50,2
93,54,3
93,37,3
93,16,3
93,39,3
93,137,3
93,42,3
93,20,2
93,68,3
71,264,4
71,83,4
71,202,1
71,28,5
71,106,2
71,49,4
71,200,3
71,109,1
71,50,3
71,51,1
71,53,1
71,36,1
71,16,1
71,18,2
71,39,1
71,76,1
71,20,5
71,180,3
71,44,1
71,67,1
71,177,4
71,23,4
71,81,3
71,70,4
43,265,1
43,117,1
43,168,1
43,136,1
43,160,1
43,125,3
43,9,1
43,110,2
43,34,1
43,96,1
43,12,3
43,54,2
43,55,1
43,16,1
43,97,1
43,163,1
43,76,1
43,98,1
43,40,1
43,78,5
43,42,2
43,100,1
43,69,3
43,81,1
132,252,3
132,145,3
132,266,3
132,267,4
132,166,4
132,221,3
132,268,4
132,124,3
132,92,3
132,158,3
132,269,3
132,246,4
132,264,4
132,28,4
132,186,2
132,107,3
132,86,2
132,141,5
132,11,4
132,53,4
132,17,4
132,41,3
132,135,4
132,22,3
89,250,1
89,262,3
89,45,2
89,232,1
89,233,1
89,83,2
89,159,1
89,25,2
89,84,1
89,62,1
89,49,1
89,169,2
89,52,2
89,111,1
89,35,3
89,53,3
89,55,1
89,16,3
89,39,3
89,137,3
89,78,5
89,58,1
89,59,1
89,68,2
121,92,1
121,176,3
121,160,3
121,6,1
121,142,3
121,7,1
121,66,2
121,10,3
121,50,1
121,96,1
121,12,5
121,127,3
121,154,4
121,53,1
121,17,5
121,40,1
121,41,3
121,42,2
121,180,2
121,112,5
121,138,1
121,59,1
121,69,4
121,23,5
87,140,1
87,28,1
87,85,4
87,49,1
87,175,1
87,75,1
87,169,1
87,126,1
87,207,1
87,108,4
87,8,1
87,9,5
87,33,1
87,10,3
87,34,1
87,12,4
87,193,5
87,89,1
87,55,1
87,163,1
87,58,1
87,59,1
87,68,3
87,22,1
46,235,3
46,47,2
46,24,5
46,150,3
46,270,3
46,182,3
46,71,3
46,152,3
46,74,4
46,142,3
46,8,2
46,66,3
46,193,3
46,154,2
46,54,3
46,14,2
46,37,4
46,15,4
46,55,2
46,18,2
46,39,5
46,137,4
46,138,3
46,67,2
172,271,4
172,203,2
172,272,3
172,182,5
172,186,4
172,136,4
172,74,5
172,109,5
172,50,2
172,110,5
172,95,3
172,36,2
172,37,5
172,15,4
172,55,2
172,18,3
172,38,1
172,90,5
172,163,1
172,76,3
172,134,3
172,137,5
172,56,3
172,112,4
67,226,4
67,265,2
67,213,4
67,223,4
67,248,2
67,146,2
67,196,3
67,219,1
67,255,3
67,229,3
67,158,1
67,71,3
67,161,2
67,206,5
67,141,5
67,109,4
67,95,3
67,193,2
67,13,3
67,89,3
67,67,3
67,58,2
67,100,2
67,70,4
138,0,3
138,216,1
138,189,2
138,131,2
138,151,4
138,27,1
138,72,3
138,107,1
138,95,2
138,89,3
138,54,4
138,37,4
138,15,2
138,55,1
138,17,4
138,97,1
138,98,1
138,164,2
138,43,4
138,44,1
138,79,1
138,100,1
138,81,4
138,178,4
127,221,1
127,202,2
127,85,1
127,30,1
127,161,1
127,32,1
127,170,4
127,109,1
127,110,5
127,193,1
127,111,1
127,154,2
127,14,4
127,15,1
127,17,5
127,97,1
127,90,1
127,163,1
127,164,1
127,44,1
127,79,1
127,101,5
127,113,3
127,81,5
19,147,1
19,172,1
19,83,1
19,25,1
19,186,1
19,136,1
19,199,3
19,74,4
19,75,1
19,141,1
19,10,1
19,109,3
19,110,1
19,52,1
19,36,1
19,54,1
19,17,2
19,39,1
19,137,2
19,98,3
19,135,1
19,67,4
19,101,1
19,113,1
81,263,1
81,105,4
81,26,4
81,27,4
81,85,2
81,185,5
81,204,4
81,176,3
81,75,1
81,6,1
81,86,4
81,7,1
81,183,1
81,10,3
81,18,1
81,90,5
81,98,4
81,99,3
81,43,5
81,20,1
81,21,2
81,69,3
81,81,4
81,178,4
141,202,3
141,130,2
141,105,3
141,72,2
141,30,1
141,197,2
141,204,2
141,160,1
141,75,2
141,125,1
141,86,3
141,132,4
141,65,5
141,183,3
141,8,1
141,96,1
141,89,5
141,201,5
141,97,4
141,77,1
141,98,2
141,99,5
141,128,1
141,81,2
137,254,1
137,214,1
137,159,1
137,131,2
137,106,3
137,185,2
137,174,1
137,136,4
137,206,3
137,64,1
137,126,2
137,132,4
137,7,1
137,96,1
137,36,5
137,90,2
137,98,2
137,40,1
137,42,3
137,56,4
137,44,3
137,58,1
137,128,3
137,22,5
151,143,2
151,213,3
151,248,4
151,273,1
151,274,3
151,121,4
151,215,3
151,217,1
151,241,4
151,190,2
151,237,3
151,275,1
151,276,5
151,139,4
151,45,2
151,46,3
151,232,2
151,173,2
151,225,4
151,257,1
151,277,2
151,61,4
151,258,1
151,65,3
42,226,4
42,260,3
42,237,5
42,261,1
42,256,1
42,236,2
42,2,3
42,278,4
42,276,2
42,272,1
42,122,1
42,242,4
42,279,2
42,45,5
42,92,5
42,60,4
42,82,1
42,280,4
42,157,3
42,281,4
42,173,5
42,246,5
42,205,2
42,67,4
21,249,2
21,261,1
21,272,3
21,268,2
21,242,1
21,279,4
21,139,1
21,45,4
21,255,3
21,123,2
21,46,3
21,280,3
21,281,4
21,173,4
21,225,2
21,282,3
21,264,3
21,61,2
21,150,4
21,238,3
21,270,3
21,4,4
21,199,5
21,32,4
37,226,3
37,223,2
37,271,1
37,227,2
37,283,2
37,189,1
37,171,5
37,167,2
37,237,3
37,209,3
37,172,1
37,210,1
37,268,1
37,255,2
37,244,1
37,280,1
37,229,3
37,251,3
37,158,1
37,93,1
37,277,5
37,246,3
37,264,1
37,258,4
15,114,3
15,102,1
15,239,3
15,252,2
15,267,2
15,284,2
15,254,2
15,148,3
15,241,4
15,190,2
15,256,4
15,242,2
15,139,3
15,45,4
15,255,3
15,123,3
15,124,3
15,47,3
15,158,4
15,94,4
15,72,1
15,179,1
15,127,2
15,38,1
39,116,3
39,239,3
39,252,1
39,144,5
39,165,3
39,129,2
39,118,1
39,267,3
39,285,3
39,286,2
39,192,4
39,196,4
39,221,4
39,275,2
39,272,3
39,279,2
39,46,4
39,287,3
39,60,3
39,3,1
39,93,3
39,94,3
39,270,4
39,258,4
69,226,5
69,288,2
69,165,1
69,227,2
69,260,2
69,289,1
69,195,3
69,241,2
69,190,2
69,268,4
69,279,1
69,139,2
69,45,4
69,255,3
69,46,4
69,124,5
69,47,2
69,104,4
69,158,3
69,202,4
69,179,2
69,108,3
69,18,2
69,20,4
5,212,3
5,290,1
5,181,3
5,223,3
5,291,2
5,165,1
5,208,2
5,271,2
5,227,1
5,231,2
5,240,1
5,0,3
5,166,1
5,195,1
5,171,1
5,272,1
5,292,4
5,45,1
5,46,1
5,244,2
5,280,2
5,245,3
5,109,1
5,20,1
168,226,3
168,293,2
168,288,4
168,223,3
168,260,3
168,146,2
168,274,3
168,195,1
168,171,3
168,221,2
168,210,1
168,279,1
168,45,3
168,123,2
168,46,2
168,225,3
168,198,2
168,246,2
168,258,4
168,133,2
168,9,1
168,88,1
168,13,1
168,17,3
120,165,3
120,248,4
120,227,4
120,219,3
120,261,2
120,2,3
120,272,3
120,292,5
120,279,2
120,139,3
120,45,4
120,46,2
120,243,2
120,244,4
120,294,3
120,104,3
120,229,4
120,269,3
120,191,1
120,225,3
120,230,5
120,264,3
120,94,5
120,161,1
66,226,4
66,295,4
66,261,3
66,209,4
66,256,3
66,236,3
66,2,4
66,122,4
66,263,4
66,139,3
66,45,2
66,46,2
66,124,5
66,243,4
66,92,2
66,296,4
66,280,4
66,281,3
66,93,3
66,253,3
66,198,3
66,258,3
66,125,4
66,133,3
26,293,2
26,144,4
26,117,1
26,166,1
26,215,3
26,147,3
26,210,2
26,92,2
26,296,4
26,297,4
26,191,3
26,130,1
26,106,2
26,199,1
26,86,3
26,65,1
26,33,1
26,34,1
26,187,2
26,37,1
26,155,1
26,57,1
26,112,1
26,58,1
155,226,4
155,298,3
155,288,3
155,208,2
155,299,3
155,260,4
155,289,3
155,146,3
155,218,3
155,156,3
155,262,4
155,242,3
155,279,3
155,139,4
155,45,3
155,255,2
155,123,3
155,46,4
155,82,2
155,104,3
155,220,2
155,182,3
155,170,3
155,66,3
156,290,4
156,143,2
156,103,2
156,263,2
156,255,3
156,46,3
156,60,3
156,222,4
156,251,2
156,191,3
156,277,5
156,140,4
156,29,4
156,84,3
156,30,3
156,75,4
156,63,4
156,206,3
156,127,2
156,15,3
156,163,5
156,41,4
156,56,5
156,44,4
76,226,4
76,273,3
76,289,2
76,275,1
76,279,1
76,139,2
76,45,3
76,255,2
76,124,4
76,243,3
76,92,4
76,296,4
76,60,2
76,82,3
76,47,1
76,232,1
76,234,1
76,173,3
76,257,1
76,61,2
76,26,3
76,8,1
76,134,2
76,178,2
122,226,2
122,212,4
122,293,3
122,249,1
122,119,1
122,271,1
122,231,1
122,190,1
122,256,1
122,275,1
122,210,1
122,123,3
122,243,1
122,60,1
122,244,1
122,280,1
122,281,2
122,294,1
122,104,1
122,251,1
122,3,1
122,234,1
122,198,1
122,24,2
6,226,3
6,116,3
6,273,1
6,118,2
6,283,3
6,103,2
6,235,2
6,275,2
6,292,4
6,242,1
6,279,2
6,139,2
6,45,2
6,255,1
6,46,3
6,297,3
6,269,3
6,282,2
6,264,4
6,61,3
6,238,2
6,73,4
6,174,2
6,126,2
144,226,3
144,223,4
144,299,1
144,273,1
144,91,1
144,240,1
144,216,1
144,217,3
144,196,3
144,1,1
144,275,1
144,242,1
144,279,1
144,139,1
144,45,2
144,255,3
144,46,2
144,229,1
144,3,1
144,234,2
144,198,4
144,257,1
144,174,1
144,64,1
13,116,3
13,288,3
13,260,4
13,283,2
13,274,3
13,1,2
13,292,4
13,82,4
13,93,3
13,282,2
13,24,4
13,220,3
13,264,3
13,238,2
13,270,2
13,159,3
13,62,2
13,224,3
13,136,2
13,9,2
13,111,2
13,54,2
13,16,2
13,137,2
146,145,1
146,103,1
146,0,5
146,286,3
146,195,1
146,171,4
146,292,2
146,210,5
146,262,4
146,139,2
146,255,1
146,123,2
146,297,4
146,222,3
146,269,1
146,211,1
146,225,3
146,198,2
146,277,4
146,246,4
146,258,2
146,130,1
146,52,1
146,101,1
136,226,5
136,114,1
136,298,2
136,116,2
136,283,2
136,167,1
136,292,5
136,279,2
136,139,3
136,245,2
136,222,5
136,229,2
136,158,1
136,282,2
136,277,1
136,246,4
136,264,3
136,238,5
136,270,2
136,258,1
136,168,3
136,206,4
136,39,1
136,177,1
157,226,4
157,293,1
157,288,2
157,223,2
157,271,2
157,145,2
157,260,3
157,146,3
157,286,2
157,292,3
157,242,2
157,279,1
157,139,2
157,45,2
157,123,2
157,46,3
157,297,3
157,222,4
157,211,3
157,225,4
157,282,1
157,277,2
157,159,1
157,29,2
49,293,3
49,181,1
49,144,1
49,291,2
49,165,1
49,273,1
49,118,1
49,271,1
49,219,1
49,172,1
49,279,4
49,139,5
49,45,2
49,255,1
49,46,2
49,124,3
49,222,2
49,229,4
49,3,1
49,234,2
49,149,1
49,198,3
49,258,2
49,20,1
109,226,5
109,293,3
109,288,5
109,181,4
109,271,1
109,145,1
109,260,2
109,120,1
109,146,3
109,274,1
109,195,2
109,192,2
109,221,1
109,210,1
109,242,2
109,45,2
109,123,4
109,157,2
109,198,3
109,246,5
109,258,3
109,72,3
109,65,2
109,96,2
167,288,3
167,273,4
167,274,5
167,217,3
167,148,4
167,209,4
167,275,4
167,242,4
167,279,2
167,139,3
167,45,2
167,255,3
167,46,5
167,232,4
167,245,1
167,222,4
167,234,4
167,173,3
167,93,2
167,225,4
167,24,4
167,257,3
167,270,4
167,113,3
85,114,3
85,293,3
85,239,4
85,223,4
85,299,3
85,188,4
85,284,2
85,295,4
85,192,5
85,156,3
85,261,3
85,236,3
85,292,2
85,262,3
85,92,3
85,297,1
85,251,2
85,158,2
85,269,3
85,198,4
85,277,2
85,264,2
85,258,2
85,174,1
125,265,1
125,102,1
125,239,1
125,273,1
125,267,1
125,221,1
125,242,1
125,279,1
125,45,4
125,123,3
125,46,3
125,243,2
125,60,1
125,222,5
125,191,1
125,93,1
125,198,3
125,246,3
125,238,2
125,258,1
125,170,1
125,65,1
125,154,1
125,20,1
143,226,4
143,188,2
143,274,3
143,235,2
143,167,1
143,275,2
143,292,2
143,242,2
143,279,2
143,45,2
143,255,2
143,123,3
143,46,2
143,243,1
143,92,2
143,287,1
143,47,1
143,297,3
143,269,3
143,282,2
143,230,2
143,238,2
143,77,2
143,69,3
103,226,3
103,291,1
103,273,1
103,217,1
103,241,1
103,190,1
103,237,4
103,209,4
103,292,3
103,279,3
103,139,3
103,45,1
103,46,1
103,47,1
103,232,1
103,245,1
103,234,1
103,269,1
103,173,1
103,93,1
103,24,3
103,257,1
103,238,1
103,22,1
54,288,3
54,299,2
54,231,3
54,260,4
54,283,2
54,274,4
54,235,2
54,241,2
54,209,3
54,275,4
54,228,4
54,292,3
54,242,5
54,45,4
54,123,4
54,229,4
54,251,3
54,158,2
54,269,2
54,149,4
54,198,4
54,257,2
54,264,2
54,64,1
118,226,3
118,265,3
118,144,3
118,129,4
118,166,1
118,285,4
118,192,2
118,2,4
118,242,4
118,279,3
118,139,4
118,45,5
118,255,3
118,123,3
118,46,4
118,243,5
118,92,4
118,294,3
118,94,5
118,48,5
118,28,5
118,13,3
118,137,3
118,178,5
33,181,1
33,291,1
33,248,1
33,118,1
33,271,2
33,145,1
33,260,2
33,0,4
33,274,1
33,184,1
33,217,5
33,1,1
33,221,1
33,219,1
33,262,3
33,123,1
33,46,2
33,47,1
33,104,1
33,269,1
33,282,2
33,246,3
33,26,1
33,5,1
48,298,3
48,116,3
48,239,2
48,252,3
48,254,3
48,217,1
48,235,4
48,292,4
48,242,3
48,47,1
48,232,3
48,104,4
48,158,3
48,234,3
48,269,5
48,173,4
48,282,3
48,257,2
48,220,2
48,264,4
48,61,3
48,238,4
48,168,1
48,19,3
161,226,4
161,240,2
161,190,3
161,261,3
161,209,4
161,2,4
161,278,3
161,275,1
161,276,4
161,228,2
161,122,1
161,263,2
161,242,2
161,279,3
161,139,3
161,45,3
161,255,1
161,123,3
161,124,3
161,296,5
161,60,2
161,233,4
161,83,1
161,79,1
25,298,4
25,115,1
25,252,1
25,165,1
25,145,1
25,120,1
25,103,2
25,121,3
25,216,2
25,217,1
25,218,2
25,209,3
25,256,1
25,278,2
25,276,2
25,292,2
25,210,1
25,124,1
25,157,2
25,234,2
25,253,1
25,24,2
25,150,1
25,258,2
62,298,4
62,223,3
62,165,4
62,189,3
62,1,2
62,190,3
62,209,3
62,263,4
62,242,3
62,279,2
62,123,4
62,46,4
62,287,1
62,60,2
62,47,5
62,244,1
62,157,3
62,245,5
62,3,1
62,93,2
62,198,3
62,24,3
62,72,1
62,168,1
99,265,4
99,291,4
99,165,4
99,299,4
99,129,4
99,221,4
99,219,4
99,261,3
99,2,4
99,228,3
99,242,4
99,279,4
99,45,4
99,46,4
99,222,4
99,3,3
99,233,4
99,149,3
99,282,5
99,253,3
99,198,4
99,238,5
99,174,4
99,68,4
98,214,1
98,172,1
98,256,1
98,236,1
98,2,1
98,275,1
98,292,3
98,210,1
98,139,4
98,45,3
98,255,1
98,46,4
98,281,1
98,173,3
98,198,3
98,24,5
98,246,3
98,264,4
98,150,4
98,238,1
98,94,3
98,270,2
98,258,2
98,75,1
22,226,5
22,298,3
22,293,1
22,115,1
22,102,2
22,249,1
22,289,5
22,243,2
22,297,4
22,229,4
22,211,2
22,84,1
22,197,1
22,125,1
22,153,1
22,51,1
22,88,1
22,35,1
22,55,1
22,17,1
22,163,1
22,19,1
22,78,1
22,113,1
74,181,3
74,271,2
74,267,1
74,203,2
74,217,1
74,247,4
74,171,3
74,148,3
74,190,1
74,261,3
74,275,1
74,242,3
74,279,3
74,45,3
74,255,2
74,46,3
74,287,1
74,281,3
74,232,2
74,158,1
74,173,2
74,93,2
74,24,4
74,61,3
162,114,1
162,115,1
162,288,4
162,181,2
162,283,2
162,289,1
162,215,4
162,286,1
162,295,2
162,195,1
162,241,2
162,279,1
162,45,3
162,255,2
162,123,1
162,281,4
162,297,1
162,222,3
162,269,4
162,173,3
162,282,3
162,246,3
162,258,3
162,52,2
97,265,1
97,274,2
97,247,4
97,167,3
97,172,1
97,256,3
97,2,2
97,272,2
97,122,2
97,263,3
97,45,4
97,255,4
97,123,2
97,46,3
97,243,4
97,287,4
97,60,2
97,244,2
97,157,4
97,281,5
97,294,4
97,222,3
97,229,4
97,173,3
8,226,4
8,293,2
8,144,4
8,213,4
8,248,4
8,227,3
8,231,3
8,167,3
8,236,3
8,228,3
8,122,2
8,263,2
8,45,2
8,46,3
8,124,2
8,296,4
8,297,3
8,158,3
8,225,4
8,230,5
8,24,4
8,277,4
8,258,2
8,26,4
60,115,3
60,116,5
60,143,5
60,117,2
60,249,1
60,240,2
60,203,1
60,216,2
60,214,1
60,147,5
60,190,1
60,237,3
60,2,3
60,279,3
60,45,2
60,255,5
60,124,4
60,60,5
60,82,4
60,232,2
60,251,3
60,149,5
60,225,4
60,94,5
28,119,1
28,145,5
28,196,5
28,241,2
28,219,4
28,261,4
28,209,1
28,2,4
28,263,2
28,242,1
28,255,3
28,287,2
28,47,4
28,280,2
28,251,1
28,3,1
28,173,2
28,93,1
28,225,3
28,198,1
28,277,4
28,246,3
28,238,1
28,270,1
24,114,3
24,298,5
24,293,3
24,115,3
24,290,3
24,116,3
24,265,2
24,273,1
24,240,2
24,188,4
24,219,1
24,261,3
24,242,1
24,123,3
24,157,3
24,222,3
24,229,5
24,234,3
24,191,4
24,211,4
24,230,2
24,198,2
24,220,1
24,61,1
131,293,2
131,115,3
131,289,3
131,284,1
131,235,2
131,171,2
131,167,3
131,209,3
131,236,3
131,228,3
131,210,3
131,268,4
131,92,3
131,47,2
131,280,3
131,222,5
131,229,3
131,251,2
131,230,2
131,28,1
131,169,1
131,13,1
131,39,1
131,58,1
123,226,5
123,241,5
123,190,5
123,261,4
123,236,4
123,2,4
123,275,4
123,228,4
123,122,4
123,279,4
123,139,4
123,255,3
123,123,4
123,46,4
123,124,4
123,92,4
123,60,5
123,244,4
123,234,5
123,211,4
123,230,5
123,277,4
123,94,4
123,18,5
166,273,2
166,120,1
166,266,2
166,167,3
166,241,4
166,221,2
166,190,1
166,209,5
166,275,1
166,292,4
166,287,4
166,296,4
166,82,1
166,47,2
166,244,4
166,232,4
166,234,2
166,269,3
166,257,3
166,264,3
166,9,3
166,34,3
166,12,2
166,43,3
173,226,5
173,165,4
173,273,2
173,295,4
173,195,3
173,189,3
173,1,3
173,167,4
173,228,3
173,122,3
173,279,4
173,139,5
173,255,3
173,123,2
173,46,4
173,251,4
173,3,1
173,234,2
173,149,4
173,230,4
173,198,4
173,257,3
173,246,3
173,61,4
100,226,5
100,266,1
100,215,5
100,214,1
100,275,1
100,276,5
100,292,3
100,210,1
100,242,2
100,279,1
100,296,3
100,198,1
100,277,5
100,246,5
100,94,1
100,26,1
100,185,1
100,175,4
100,141,1
100,13,1
100,127,1
100,201,1
100,14,1
100,19,1
90,285,2
90,295,2
90,167,4
90,256,2
90,268,3
90,124,2
90,243,3
90,92,3
90,296,4
90,82,2
90,149,5
90,150,2
90,159,4
90,179,2
90,197,4
90,199,4
90,170,3
90,142,2
90,54,3
90,90,2
90,77,2
90,78,3
90,101,2
90,70,2
50,226,5
50,265,2
50,273,1
50,167,3
50,190,1
50,237,3
50,209,4
50,275,1
50,228,2
50,279,2
50,255,1
50,124,4
50,296,3
50,47,1
50,245,3
50,234,2
50,173,3
50,93,1
50,225,3
50,24,4
50,257,1
50,61,2
50,270,3
50,18,1
126,226,4
126,288,4
126,274,3
126,167,2
126,237,2
126,261,3
126,209,4
126,2,1
126,228,2
126,242,1
126,139,2
126,45,3
126,255,1
126,123,4
126,243,2
126,296,2
126,244,2
126,157,1
126,222,4
126,230,4
126,24,4
126,32,1
126,42,1
126,128,1
55,293,3
55,248,2
55,299,1
55,240,2
55,0,1
55,285,2
55,235,1
55,171,3
55,1,1
55,261,5
55,278,1
55,292,3
55,287,2
55,297,3
55,225,3
55,257,1
55,197,1
55,224,2
55,32,1
55,142,4
55,50,1
55,128,1
55,59,2
55,177,1
160,165,2
160,190,2
160,278,3
160,275,2
160,262,3
160,45,4
160,46,3
160,92,2
160,296,3
160,60,2
160,47,2
160,157,4
160,297,2
160,104,3
160,222,3
160,234,1
160,269,3
160,173,3
160,282,4
160,257,2
160,150,2
160,238,2
160,76,2
160,40,3
110,115,1
110,121,3
110,167,2
110,209,3
110,278,2
110,276,4
110,228,2
110,210,2
110,242,2
110,279,1
110,46,4
110,287,1
110,296,3
110,280,3
110,281,4
110,245,2
110,229,4
110,225,5
110,277,2
110,61,3
110,94,3
110,270,4
110,112,1
110,101,1
53,226,5
53,156,3
53,237,4
53,209,5
53,236,5
53,122,4
53,263,5
53,242,5
53,279,5
53,139,5
53,45,5
53,255,5
53,244,5
53,157,5
53,174,4
53,161,5
53,7,5
53,54,3
53,14,3
53,37,4
53,15,4
53,55,3
53,16,4
53,18,4
145,226,4
145,265,4
145,165,4
145,299,1
145,129,3
145,119,3
145,189,5
145,2,5
145,242,2
145,139,3
145,45,4
145,255,2
145,123,2
145,46,1
145,243,5
145,92,3
145,294,4
145,251,4
145,149,1
145,264,3
145,150,3
145,94,4
145,205,5
145,194,3
58,252,3
58,117,2
58,118,2
58,289,3
58,216,2
58,217,2
58,235,4
58,167,4
58,46,4
58,280,4
58,3,2
58,131,2
58,71,2
58,4,3
58,151,3
58,28,1
58,197,2
58,199,3
58,162,3
58,187,3
58,97,2
58,163,2
58,98,3
58,41,2
77,250,3
77,249,2
77,260,3
77,261,2
77,278,3
77,272,3
77,292,5
77,47,3
77,157,3
77,294,3
77,245,2
77,297,4
77,222,4
77,229,3
77,251,3
77,3,3
77,93,4
77,225,3
77,282,3
77,230,3
77,246,3
77,150,3
77,258,4
77,43,1
65,226,4
65,114,4
65,129,3
65,118,1
65,289,4
65,166,3
65,184,4
65,254,3
65,235,5
65,1,3
65,219,4
65,2,4
65,278,4
65,228,3
65,242,3
65,279,4
65,45,4
65,123,3
65,46,4
65,47,4
65,104,4
65,269,4
65,257,4
65,179,1
83,226,4
83,116,3
83,283,2
83,237,3
83,292,5
83,242,2
83,279,2
83,139,2
83,46,4
83,222,5
83,229,4
83,269,2
83,93,1
83,225,3
83,282,3
83,230,5
83,24,2
83,264,1
83,238,2
83,131,1
83,73,1
83,168,1
83,10,1
83,37,1
41,226,3
41,274,2
41,192,2
41,292,2
41,210,1
41,262,2
41,242,2
41,45,2
41,123,1
41,46,3
41,222,3
41,269,3
41,211,1
41,225,3
41,282,1
41,198,1
41,277,2
41,246,2
41,258,5
41,26,1
41,175,2
41,7,1
41,15,1
41,41,1
2,226,4
2,172,3
2,236,4
2,278,4
2,276,5
2,228,4
2,122,4
2,263,4
2,242,4
2,279,4
2,139,4
2,45,4
2,123,4
2,124,4
2,243,4
2,92,4
2,60,4
2,82,4
2,47,3
2,244,3
2,232,4
2,238,4
2,31,1
2,101,4
96,293,3
96,288,5
96,248,4
96,129,3
96,118,2
96,166,2
96,274,3
96,184,1
96,284,1
96,235,3
96,171,1
96,1,3
96,219,1
96,237,3
96,262,3
96,46,3
96,47,2
96,245,3
96,104,2
96,222,4
96,225,4
96,282,3
96,257,2
96,270,1
31,212,3
31,293,2
31,265,3
31,239,1
31,291,2
31,299,1
31,91,1
31,195,1
31,247,5
31,156,1
31,190,1
31,261,3
31,172,1
31,122,1
31,46,1
31,124,1
31,82,2
31,234,3
31,173,2
31,211,1
31,149,1
31,238,2
31,258,1
31,28,1
113,226,2
113,114,2
113,102,4
113,239,3
113,273,1
113,231,2
113,145,4
113,267,5
113,254,4
113,217,4
113,148,3
113,241,2
113,190,1
113,139,2
113,45,3
113,255,2
113,124,4
113,47,2
113,191,3
113,173,2
113,257,3
113,61,3
113,142,4
113,96,2
142,261,4
142,209,3
142,276,4
142,263,1
142,242,1
142,123,2
142,46,2
142,296,2
142,244,1
142,297,3
142,104,1
142,229,3
142,251,2
142,3,1
142,234,1
142,93,1
142,149,1
142,230,4
142,257,1
142,246,1
142,61,1
142,270,3
142,258,2
142,49,1
154,259,5
154,165,3
154,299,1
154,0,3
154,184,2
154,285,1
154,147,4
154,2,3
154,242,5
154,139,1
154,255,1
154,123,1
154,46,1
154,92,2
154,294,1
154,149,2
154,198,1
154,94,3
154,130,1
154,175,1
154,176,1
154,88,1
154,127,1
154,113,3
38,290,3
38,143,2
38,248,3
38,231,2
38,289,2
38,121,3
38,215,4
38,209,5
38,275,1
38,242,1
38,279,2
38,139,4
38,45,2
38,255,1
38,123,3
38,46,2
38,124,2
38,93,1
38,225,2
38,24,4
38,270,2
38,36,1
38,17,3
38,43,1
84,226,4
84,117,4
84,273,2
84,260,3
84,240,3
84,274,4
84,216,2
84,217,3
84,196,3
84,167,5
84,275,3
84,242,3
84,279,3
84,139,4
84,123,3
84,46,4
84,222,4
84,234,3
84,173,3
84,230,3
84,257,4
84,61,3
84,5,1
84,36,1
165,212,4
165,290,3
165,265,3
165,239,2
165,248,2
165,249,2
165,166,2
165,247,5
165,218,3
165,237,2
165,251,3
165,3,2
165,202,1
165,62,1
165,199,1
165,161,1
165,205,1
165,6,1
165,7,1
165,51,1
165,187,1
165,14,1
165,41,1
165,155,1
86,226,5
86,298,2
86,293,2
86,265,1
86,288,1
86,181,1
86,273,1
86,271,1
86,289,1
86,0,1
86,286,1
86,247,4
86,167,1
86,241,2
86,221,1
86,262,1
86,245,1
86,297,1
86,104,1
86,222,4
86,229,3
86,269,1
86,282,1
86,270,2
64,226,3
64,293,2
64,288,1
64,271,3
64,103,3
64,146,4
64,274,4
64,286,3
64,167,3
64,221,1
64,292,5
64,262,4
64,242,2
64,45,4
64,123,2
64,104,2
64,222,5
64,211,2
64,282,4
64,198,3
64,246,3
64,264,2
64,258,1
64,113,4
40,190,2
40,237,4
40,261,3
40,276,4
40,292,4
40,210,3
40,279,3
40,139,4
40,45,3
40,46,4
40,243,3
40,92,2
40,232,2
40,245,5
40,297,4
40,104,3
40,93,4
40,225,3
40,282,3
40,198,3
40,24,4
40,246,4
40,61,3
40,94,3
59,267,3
59,166,2
59,254,2
59,196,3
59,171,5
59,172,2
59,262,3
59,243,2
59,253,2
59,230,5
59,220,1
59,277,5
59,238,3
59,131,2
59,168,3
59,160,4
59,75,4
59,95,4
59,96,3
59,55,5
59,180,3
59,112,4
59,21,3
59,68,2
32,226,5
32,165,2
32,289,3
32,103,4
32,216,3
32,195,1
32,167,5
32,147,4
32,172,3
32,275,3
32,279,5
32,139,4
32,255,2
32,124,5
32,232,4
32,294,3
32,104,3
32,222,5
32,158,4
32,234,4
32,230,4
32,257,2
32,220,2
32,61,4
129,226,3
129,293,1
129,223,2
129,260,4
129,146,3
129,274,5
129,192,3
129,221,2
129,237,3
129,209,2
129,292,3
129,210,2
129,262,2
129,242,2
129,45,4
129,255,3
129,123,3
129,124,4
129,296,3
129,82,4
129,222,2
129,225,3
129,264,2
129,111,3
150,226,4
150,250,1
150,273,1
150,274,3
150,217,2
150,237,5
150,275,3
150,228,4
150,242,4
150,139,3
150,45,3
150,255,2
150,123,4
150,280,4
150,232,2
150,245,5
150,222,4
150,229,4
150,234,3
150,24,2
150,61,4
150,270,3
150,71,3
150,177,4
147,226,3
147,114,3
147,299,3
147,241,4
147,242,2
147,279,4
147,45,2
147,255,4
147,123,3
147,46,4
147,124,4
147,47,2
147,232,3
147,251,4
147,158,3
147,234,3
147,173,3
147,257,1
147,61,5
147,140,3
147,200,3
147,154,3
147,41,5
147,99,3
1,212,3
1,298,5
1,143,3
1,252,1
1,249,2
1,203,3
1,0,5
1,274,4
1,184,3
1,167,5
1,237,2
1,278,3
1,124,2
1,243,5
1,92,2
1,232,1
1,297,4
1,222,5
1,158,3
1,24,5
1,257,2
1,246,5
1,150,5
1,134,4
82,226,4
82,190,1
82,237,5
82,256,1
82,236,1
82,275,2
82,276,1
82,272,1
82,263,2
82,242,3
82,45,3
82,123,1
82,124,4
82,243,1
82,287,1
82,47,1
82,173,2
82,230,5
82,198,3
82,277,2
82,258,1
82,97,1
82,22,1
82,81,3
73,259,2
73,214,2
73,256,2
73,292,4
73,243,3
73,92,4
73,157,3
73,245,3
73,251,3
73,211,2
73,225,4
73,253,2
73,238,4
73,32,4
73,108,4
73,142,4
73,133,4
73,95,3
73,89,4
73,14,3
73,90,3
73,163,2
73,98,4
73,23,1
4,293,2
4,288,1
4,223,4
4,271,1
4,145,1
4,260,5
4,0,1
4,274,4
4,217,1
4,195,1
4,171,1
4,221,1
4,45,4
4,46,4
4,104,4
4,222,3
4,234,4
4,225,1
4,282,5
4,198,1
4,264,3
4,100,1
4,113,5
4,68,1
80,226,5
80,114,1
80,115,3
80,144,3
80,248,4
80,129,3
80,249,1
80,118,1
80,119,2
80,219,3
80,228,3
80,262,4
80,124,3
80,281,5
80,232,2
80,297,3
80,251,3
80,173,4
80,282,4
80,230,4
80,24,4
80,61,3
80,238,4
80,112,1
12,226,5
12,114,2
12,190,1
12,237,3
12,209,4
12,276,4
12,292,4
12,210,2
12,122,2
12,255,4
12,124,3
12,243,2
12,60,3
12,82,2
12,47,1
12,244,3
12,157,1
12,297,2
12,158,2
12,233,3
12,282,4
12,258,1
12,131,1
12,168,1
152,293,3
152,288,3
152,223,2
152,271,1
152,145,2
152,103,3
152,274,4
152,192,2
152,256,2
152,262,2
152,122,1
152,263,2
152,255,2
152,47,1
152,244,1
152,280,1
152,157,1
152,232,2
152,173,3
152,225,3
152,230,3
152,220,1
152,246,2
152,94,3
36,226,2
36,208,1
36,271,5
36,190,1
36,261,1
36,209,3
36,256,2
36,2,5
36,268,5
36,263,2
36,242,4
36,279,1
36,244,2
36,297,1
36,251,1
36,3,1
36,269,1
36,211,1
36,93,1
36,24,1
36,61,5
36,238,2
36,94,5
36,270,3
92,293,3
92,288,3
92,181,3
92,260,3
92,120,3
92,286,3
92,192,3
92,221,5
92,292,4
92,210,2
92,279,3
92,139,3
92,45,3
92,255,3
92,123,2
92,280,2
92,297,5
92,222,2
92,211,2
92,198,3
92,277,4
92,246,2
92,140,3
92,141,3
34,114,2
34,181,5
34,259,2
34,248,5
34,118,1
34,271,2
34,145,2
34,289,3
34,120,2
34,0,2
34,146,3
34,286,3
34,217,2
34,228,3
34,292,4
34,242,4
34,45,4
34,269,4
34,225,4
34,282,4
34,257,3
34,94,4
34,258,3
34,30,1
130,181,2
130,291,3
130,283,5
130,146,5
130,217,3
130,171,3
130,156,2
130,147,1
130,294,4
130,297,2
130,158,4
130,211,3
130,220,1
130,61,4
130,83,4
130,26,2
130,49,2
130,31,2
130,176,4
130,50,2
130,13,3
130,14,1
130,135,2
130,67,1
124,115,2
124,116,4
124,299,1
124,167,1
124,190,3
124,172,3
124,256,3
124,228,4
124,263,5
124,242,4
124,46,4
124,124,4
124,47,2
124,229,5
124,251,4
124,3,1
124,269,4
124,149,2
124,282,2
124,230,5
124,198,5
124,264,2
124,238,3
124,187,2
95,226,4
95,273,1
95,274,3
95,217,1
95,196,1
95,167,3
95,237,3
95,275,2
95,210,1
95,262,3
95,279,1
95,255,1
95,123,3
95,46,2
95,124,1
95,296,3
95,280,1
95,281,4
95,222,4
95,24,5
95,257,1
95,61,1
95,150,1
95,18,1
88,226,4
88,181,3
88,271,1
88,145,1
88,260,4
88,103,2
88,195,1
88,241,3
88,221,3
88,210,1
88,279,2
88,45,3
88,255,1
88,46,3
88,297,4
88,222,4
88,269,4
88,225,3
88,282,2
88,198,4
88,277,3
88,246,3
88,96,1
88,112,1
10,165,2
10,299,1
10,273,2
10,260,3
10,289,3
10,188,1
10,146,3
10,184,3
10,217,1
10,218,2
10,196,2
10,237,3
10,209,4
10,242,3
10,139,5
10,232,1
10,104,3
10,3,1
10,234,2
10,198,3
10,257,1
10,61,2
10,67,1
10,177,1
